migration_name,matched_stock_item,score
"AD8C Axient® Digital PSM 8-Port Antenna Combiner","Shure AD8C Axient Digital PSM 8-Port Antenna Combiner","0.90"
"SHURE ADTQ G56(470-636)ADTQ Axient® Digital PSM Wireless Quad Transmitter","Shure ADTQ Axient Digital PSM Wireless Quad Transmitter","0.90"
"Behringer Powerplay HA6000 6-channel","Behringer HA6000","0.90"
"SHURE AD2/SM58=G56(470-636 MHz)","Shure SM58","0.90"
"RF Venue CP Beam Antenna","RF Venue CP Beam Antenna","1.00"
"SHURE AD 1 Bodypack Transmitter","Shure AD1 Bodypack Transmitter","0.97"
"dbx RTA-M MEASUREMENT MICA","dbx RTA-M","0.90"
"Shure KSM9 สีดำ","Shure KSM9","0.90"
"Shure KSM8 สีเงิน","Shure KSM8 Black","0.88"
"Shure KSM8 สีดำ","Shure KSM8 Black","0.88"
"Shure KSM9 สีแชมเปญ","Shure KSM9","0.90"
"HA-8089 Helical Antenna","Shure HA-8089 Helical Antenna","0.90"
"SHURE WL93T Miniature Lavalier mic","Shure WL93T","0.90"
"SHURE WL93 Miniature Lavalier mic","Shure WL93","0.90"
"SHURE WL50","Shure WL50","1.00"
"Shure Beta53","Shure Beta53","1.00"
"SHURE PGA31-TQG Headset Condenser Microphone","Shure PGA31","0.90"
"SHURE SM35 Performance headset condenser microphone","Shure SM35","0.90"
"Shure TwinPlex TH53C/O-MTQG Omnidirectional Headset","Shure TwinPlex TH53C/O-MTQG","0.90"
"DPA 4066-OC-A-FOO-LH","DPA 4066","0.90"
"SHURE DPA 4061","DPA 4061","0.90"
"DPA-4099-DC-2-199-T","DPA 4099 DC-2-199-T","1.00"
"DPA-4099-DC-2-201-D","DPA 4099 DC-2-201-D","1.00"
"CO-3-SH-BE","Point Source Audio CO-3-SH-BE","0.90"
"CO-6-KlT-SH-BE","Point Source Audio CO-6-KlT-SH-BE","0.90"
"CO-8WD-XSH-BE","Point Source Audio CO-8WD-XSH-BE","0.90"
"CO-8WL-XSH-BE","Point Source Audio CO-8WL-XSH-BE","0.90"
"CO-8WL-XSH-BL","Point Source Audio CO-8WL-XSH-BL","0.90"
"EMB-12-BE","Point Source Audio EMB-12-BE","0.90"
"EMB-CAP-BE","Point Source Audio EMB-CAP-BE","0.90"
"GO2-9WL-SH-BE","Point Source Audio GO2-9WLP-SH-BE","0.88"
"GO2-9WD-SH-BE","Point Source Audio GO2-9WLP-SH-BE","0.88"
"GO-9WD-SH-BE","Point Source Audio GO-9WD-SH-BE","0.90"
"GO-9WL-SH-BE","Point Source Audio GO-9WL-SH-BE","0.90"
"Audix D6 Cardioid Dynamic Kick Drum Microphone Sweetwater","Audix D6","0.90"
"Sennheiser MD 421-II","Sennheiser MD 421-II","1.00"
"AUDIO TECHNICA AE3000","Audio Technica AE3000","1.00"
"AUDIO TECHNICA","Audio Technica AT4033","0.90"
"ATM25/LE","Audio Technica ATM25/LE","0.90"
"Audio Technica AE2500=1ตัว","Audio Technica AE2500","0.90"
"AKG 414 XLII","AKG C414 XLII","0.92"
"AKG C414 XLS","AKG C414 XLS","1.00"
"PGA52","Shure PGA52","0.88"
"PGA56","Shure PGA56","0.88"
"PGA57","Shure PGA57","0.88"
"PGA81","Shure PGA81","0.88"
"M82","Telefunken M82","0.88"
"M60","Telefunken M60","0.88"
"SENNHEISER e901 (ใหม่)","Sennheiser e901","1.00"
"AKG D112","AKG D112","1.00"
"SHURE sm81","Shure SM81","1.00"
"SHURE sm58 สวิสต์","Shure SM58","0.90"
"SHURE sm58","Shure SM58","1.00"
"AKG C480B","AKG C480B","1.00"
"SHURE sm57","Shure SM57","1.00"
"BETA87","Shure Beta87","0.88"
"SHURE Shotgun SM89","Shure SM89","0.90"
"SHURE BATA58A","Shure Beta58A","0.92"
"Shure PGA98H + pre mic","Shure PGA98H","0.90"
"Shure PGA98H","Shure PGA98H","1.00"
"Shure BETA 98H","Shure Beta98H","0.93"
"AKG C419 III","AKG C419 III","1.00"
"Electro voice RE20","Electro-Voice RE20","1.00"
"SHURE 55SH","Shure 55H","0.90"
"LEWITT MTP 250 DM","Lewitt MTP 250 DM","1.00"
"Sennheiser e835s","Sennheiser E835s","1.00"
"Sennheiser e904","Sennheiser e904","1.00"
"Senheiser e609","Sennheiser e609","0.93"
"SENNHEISER e604","Sennheiser e604","1.00"
"VL AUDIO ISO LATE","VL Audio Isolate","0.94"
"BSS AR-133-Active DI","BSS AR-133-Active","0.90"
"BSS AR-133-Active DI[ใหม่]","BSS AR-133-Active","0.90"
"Radial J48 1-channel Active 48v Direct Box","Radial - J48 Active","0.90"
"Radial - JDI - Passive Direct Box","Radial - JDI Passive","0.90"
"EMO 335 6 CH.MICROPHONE SPLITER","EMO 335","0.90"
"EMO 370","EMO 370","1.00"
"Headphone Apm Samson QH4","Samson QH4","0.90"
"STEREO HEADPNONE APM","Stereo Headphone APM","0.95"
"SAMSON S-plot","Samson S-plot","1.00"
"BOSS DI-1","BOSS DI-1 Active","0.90"
"IMP SPLITTER 1x2","Whirlwind IMP Splitter 1x2","0.90"
"AT-1 Portable Audio Tester","AT-1 Portable Audio Tester","1.00"
"Rechargeable Lithium-Ion Battery","Shure SB900B Rechargeable Lithium-Ion Battery","0.90"
"SENNHEISER L60","Sennheiser e604","0.87"
"MC4 NLT4 F/M 25m(mocami4x4)","Z5340 MC4 Cable NLT4 F/M  25m.","0.90"
"MC4 NLT4 F/M 20m.","Z5340 MC4 Cable NLT4 F/M  20m.","0.90"
"MC24 LKA25 F/M Multicore24","MC24 LKA25 F/M Multicore24     30m.","0.90"
"XLR 1 m.","XLR 1.5 M.","0.90"
"Adapter NLT8F 2-way to 2xNLT4M","Adapter NLT8F 2-way to 2xNLT4M  (5M.)","1.00"
"Adapter NLT8F to 4xNLT2M","Adapter NLT8F to 4xNLT4M","0.96"
"NL2. link สั้น","NL2 link. 2m.","0.88"
"NL4. 30m.","NL4  2.5x4 30M.","0.90"
"NL4. 20m.","NL4  2 Way NL2 20M.","0.90"
"NL4. 25m.","NL4  2.5X4  25M.","0.90"
"NL4. 12m.","NL4  2.5X4  12M.","0.90"
"NL4. 3.50m.","NL4 2.5X4  3.50M.","0.90"
"NL4. No.1.5x4","NL4  1.5X4  20M.","0.88"
"NL4 22m.","NL4  White 22M.","0.90"
"NL4. 21m.","NL4  White 21M.","0.90"
"NL4. 24m.","NL4  White 24M.","0.90"
"NL4. 10m.","NL4  White 10M.","0.90"
"NL4. 16m.","NL4  White 16M.","0.90"
"NL4. 4m.","NL4  White 4M.","0.90"
"NL4. 6m.","NL4  White 6M.","0.90"
"NL4. 8m.","NL4  White 8M.","0.90"
"NL8 1m.#JBL","NL8  link 1m.#JBL","0.90"
"3.1m","32A. Connector/3 Phase 1m.","0.90"
"NL2 35m.","NL2 White 35m.","0.90"
"NL2 10m.","NL2 White 10m.","0.90"
"NL2. 50m.","NL2 White 50m.","0.90"
"NL2. 5m.","NL2 White 5m.","0.90"
"NL2. 15m. ใช้งานติดตั้งห้องDomo","NL2.Black 15m.","0.88"
"NL2. 21m.","NL2 White 21m.","0.90"
"NL2 23m.","NL2 White 23m.","0.90"
"NL2. 35m.","NL2 White 35m.","0.90"
"NL2. 24m.","NL2 White 24m.","0.90"
"NL2. 37m.","NL2 White 37m.","0.90"
"NL2. 22m.","NL2 White 22m.","0.90"
"NL2. 13m.","NL2 White 13m.","0.90"
"NL2. 15m.(สีดำ)","NL2.Black 15m.","0.90"
"NL2. 10m.(สีดำ)","NL2 White 10m.","0.90"
"NL2 23m.(สีดำ)","NL2 White 23m.","0.90"
"NL2. 8m.(สีดำ)","NL2.Black 8m.","0.90"
"NL2 20m.(สีดำ)","NL4  2 Way NL2 20M.","0.90"
"NL2. 5m.(สีดำ)","NL2 White 5m.","0.90"
"16""+16"" 20m.","ฺPlug Box 20m. No.14/16","0.90"
"Cable (Powercon)5 m.","CABLE SVK100PIN M40X1.5-XLR 32 CORE 5 M. (สายถัก)","0.90"
"รุ่น XLR 5m. (ลงแล้ว) XLR 5m. (ลงแล้ว) XLR 7.5m. (ลงแล้ว) XLR 10 m. (ลงแล้ว) XLR 20 m. (ลงแล้ว) XLR 50m. (ลงแล้ว) XLR 40m. (ลงแล้ว) XLR 1m. (ลงแล้ว) XLR 0.5 m. (ลงแล้ว) XLR 0.4 m. (ลงแล้ว) XLR 1.5 m (ลงแล้ว) XLR 2 m. (ลงแล้ว) XLR 3 m. (ลงแล้ว) XLR Amphenol ยาว 30m. XLR Amphenol ยาว 10 m. ลงแล้ว XLR 5m. โมกามิ สีเขียว (ลงแล้ว) XLR 5m. โมกามิ สีแดง (ลงแล้ว) สายสัญญาณมิดี้ Midi Cable KIRLIN 3 m. 6 m. แจ็คGTR+เพิ่มหัวงอ 8 เส้น TS แจ๊ค 1/4"" 2 คอ สายถัถสีเขียว","XLR 50m.","0.90"
"trs to xlr เมีย 1.5 m : 3 เส้น","XLR 1.5 M.","0.90"
"trs to xlr เมีย 2 m : 2 เส้น","XLR 2 M.","0.90"
"trs to xlr เมีย 1 m : 2 เส้น","XLR 2 M.","0.90"
"trs to xlr ผู้ 1 m : 2 เส้น","XLR 2 M.","0.90"
"trs to xlr ผู้ 1.5 m : 3 เส้น","XLR 1.5 M.","0.90"
"trs to xlr ผู้ 2 m : 2 เส้น","XLR 2 M.","0.90"
"xlr เมีย to xlr เมีย 1.5 m : 2 เส้น","XLR 1.5 M.","0.90"
"10m.","XLR 10m.","0.88"
"3.5 ผู้ เมีย 5m. 10เส้น / สายเปิดเพลง แจ๊ค3.5 to Y. XLR. 10 เส้น","XLR 5m.","0.90"
"DE25 AES 4 m.","CABLE DE25 AES 4 m.","0.90"
"RCA+XLR","RCA TO XLR","0.90"
"L-Acoustics SB18","L-Acoustics SB18","1.00"
"""KRK VXT4 - 45W 4""","KRK VXT4","0.90"
"Behringer B105D (15/08/68)","Behringer B105D","1.00"
"Behringer B105D(เดิม","Behringer B105D","0.90"
"Behringer B205D Ultra-Compact 150W PA/Monitor Speaker System","Behringer B205D","0.90"
"Clair Brothers 12AM-L HP 12"" Active Stage Monitor","Clair Brothers 12AM","0.90"
"VTX series S28","JBL VTX S28","0.88"
"JBL EON ONE MK2","JBL EON ONE MK2","1.00"
"JBL VTX S28","JBL VTX S28","1.00"
"รุ่น/สี Zildjian K Costom Dark HIHAT TOP 14"" Zildjian K Costom Hybrid Splash 11""/28cm. Zildjian K Costom Special Dry Top Hi Hat 14""/36cm Zildjian K Costom Special Dry Bottom Hi Hat 14""/36cm. Zildjian K Costom Special Dry Crash 16""/40cm. Zildjian K Costom Special Dry Crash 18""/45cm Zildjian K Costom Dark RIDE 21""/53cm Meinl Amun Series 14″ Medium Hi Hats,Bottom Meinl Amun Series 14″ Medium Hi Hats,Top Meinl Amun Series 14″ Medium Hi Hats,Crash Meinl Classics Custom Medium Crash Cymbal 16"" Meinl Classics Custom Medium Crash Cymbal 18"" Meinl Amun Series 20""Medium BIG BELL RIDE Zildjian18""/45cm.CHINA""TRASH"" Zildjian A Custom SPLASH10""/25cm. Zildjian A Custom HIHAT BOTTOM14""/36cm. Zildjian A Custom HIHAT TOP14""/36cm. Zildjian A Custom CRASH 16""/40cm. Zildjian A Custom CRASH 18""/45cm. Zildjian A Custom MEDIUM RIDE 20""/25cm. Zildjian A Custom RIDE 22""/25cm. Zildjian 12"" A-CUSTOM SPLASH Zildjian MASTERSOUND HI HAT BOTTOM 14""/36cm. Zildjian MASTERSOUND HI HAT TOP14""/36cm. Zildjian A Custom CRASH 16""/40cm. Zildjian A Custom CRASH 18""/45cm. Zildjian A Custom MEDIUM RIDE 20""/25cm. Zildjian A Custom SPLASH10""/25cm. Zildjian A Custom HIHAT BOTTOM14""/36cm. Zildjian A Custom HIHAT TOP14""/36cm. Zildjian A Custom CRASH 16""/40cm. Zildjian A Custom CRASH 17/43cm. Zildjian A Custom CRASH 19/48cm. Zildjian A SWEET RIDE 21""/53cm. Zildjian18""/45cm.CHINA""TRASH"" PAISTE PST7 20""RIDE PAISTE PST7 18""THIN CRASH PAISTE PST7 16""HEAVY CRASH PAISTE PST7 14""HI-HAT TOP PAISTE PST7 14""HI-HAT BOTTOM PAISTE PST7 14""THIN CRASH Zildjian 20""/51cm.CUSTOM DARK RIDE Zildjian 18""/45cm.CUSTOM DARK CRASH Zildjian 17""/43cm.CUSTOM DARK CHINA Zildjian 16""/40cm.CUSTOM DARK CRASH Zildjian 14""/36cm.CUSTOM DARK TOP Zildjian 14""/36cm.CUSTOM DARK BOTTOM TAMA Starclassic SC55 Prototype 14""x5"" Maple x Mahogany Snare Drum Yamaha Maple Custom Absolute 5.5 x 14 Snare Drum 1988 - Vintage Natural Yamaha Handcrafted Japan 14""x5.6 Snare Cadeson Percussion 10"" x 5"" Snare Drum Phosphor Bronze Hand Hammered Royal Custom GIBRALTAR GDS-5 Acrylic Drum Kit Acoustic Shield 5 Panel Drum Shield Crystal Clear Acrylic Drum Baffle 3 Panel TAMA Cobra Double Bass Drum Pedal YAMAHA DFP9C Double Chain Double Pedal Model Twin Pedal Genuine product New Carpet Drum พรมกลอง 8 BOX 150x150 cm. พรมสำหรับกลองชุด พรมวางกลองชุด พรมโล้โก้ เท็นเยียร์ 1.8x1.5 m.# ใหญ่ปูกลองชุด พรมโล้โก้ เท็นเยียร์ 1.8x0.90m. #เล็กยาว ปูหน้าบอร์ดมิกเซอร์ H-61 MICROPHONE CLAMP ไม้ตีกลอง Gibraltar SC-DSH Deluxe Drumstick Holder หัวกะเดื่องBass Drum Pedal Hammer Gibraltar SC-SLRM angle L-ROD W/MULTl-CLAMP TAMA Mc62 multi clamp Gibraltar camp ขาฉาบสั้น DWSM2141MA BASS DRUM ขาสแน Gibraltar9706 snare stand Gibraltar 9608MW2T 9000 Series 17"" Airtech Mesh Saddle Drum Throne ขาไฮแฮท Gibraltar 9707ML-DP Gibraltar Cymbal Boom Stand 9707BT Stable ขาตั้งฉาบบูม รุ่น CB-901A ขาสแนร์ Stable SS-901 Boom Stsnd DWCP9700 dw ขาตั้งFT เก้าอี้เบาะกลมDWCP9120AL Snare DWCP9300 Tom&Cymbal DWCP9999 DWCP9500TB 2-LEG Hi-HAT รุ่น/สี","Zildjian A Custom Hi Hat Bottom 14""/36cm.","0.90"
"TOM Dw 8""x7","DW Collectors Rack Tom 8""x7 ""","0.90"
"TOM Dw 10""x7","DW Collectors Rack Tom 10""x7 ""","0.90"
"TOM Dw 12""x8","DW Collectors Rack Tom 12""x8 ""","0.90"
"TOM Dw 13""x9","DW Collectors Rack Tom 13""x9 ""","0.90"
"FT.Dw 14""x14","DW Collectors Floor Tom 14""x14","0.88"
"FT.Dw 16""x16","DW Collectors Floor Tom 16""x16","0.88"
"BASS DRUM Dw 22""x18","DW Collectors Bass Drum Dw 22""x18","0.90"
"Dw Snare14""","DW Collectors Snare14""","0.90"
"Boom Stsnd CP9700","Boom Stsnd DWCP9700","0.89"
"DW CP9500TB 2-LEG Hi-HAT","DW CP9500TB 2-Leg Hi-Hat Stand","0.90"
"Boom Stsnd dwcp9700","Boom Stsnd DWCP9700","1.00"
"TOM 8""x7""","DW Collectors Rack Tom 8""x7 ""","0.90"
"TOM 10""x7""","DW Collectors Rack Tom 10""x7 ""","0.90"
"F TOM 14""x14""","DW Collectors Floor Tom 14""x14","0.88"
"F TOM 16""x16""","DW Collectors Floor Tom 16""x16","0.88"
"Bess Drum 22""x18""","DW Collectors Bass Drum Dw 22""x18","0.88"
"LP 11-3/4"" CONGA GALAXY GIOVANNI SERIES CONGA # LP806Z-AW + LP COLLAPSIBLE CRADLE WITH LEGS # LP636","LP 11-3/4"" Conga","0.90"
"""LP 12-1/2"""" TUMBADORA GALAXY GIOVANNI SERIES CONGA # LP807Z-AW +"" LP COLLAPSIBLE CRADLE WITH LEGS # LP636","LP 12-1/2"""" Tumbadora","0.90"
"LP 11"" QUINTO GALAXY GIOVANNI SERIES CONGA # LP805Z-AW + LP COLLAPSIBLE CRADLE WITH LEGS # LP 636","LP 11"" Quinto","0.90"
"LP Angled Cajon Model. #55550037106","LP Angled Cajon","0.90"
"LP Bar Chimes LP449C Concerto 25 Bars","LP Bar Chimes LP449C","0.90"
"TOCA TIMBALES SET WITH STAND (FIBERGLASS)","Toca Timbales","0.90"
"TOCA CONGA SET WITH STAND 1 X 11"", 1 X 11""3/4, 1 X 12"" (FIBERGLASS)","Toca Conga 1 X 11""","0.90"
"PEARL TRAP TABLE WITH STAND : PTT1824 (18"" X 24"")","Pearl PTT1824 (18"" X 24"")","0.90"
"QUIKFRAME (115x57x98 cm)","Quikframe (115x57x98 cm)","1.00"
"LP THE-CLAW","LP The-Claw","1.00"
"Gator GTRSTD4 Guitar Case Stand","Gator GTRSTD4","0.90"
"TOURING GUITAR BOAT STAND 6 SPACE","Touring Guitar Boat Stand","0.90"
"FENDER ACOUSTASONIC-AMP SFX ll","Fender Acoustasonic SFX ll","0.90"
"ROLAND JC-120 JAZZ CHORUS 2x12-inch 120-watt Stereo Combo Amp","Roland JC-120","0.90"
"FENDER 65 TWIN REVERB LIMITED EDITION 85W 2x12 Tube Combo Amp","Fender 65 Twin Reverb","0.90"
"VOX AC30C2 30-watt 2x12-inch Tube Combo Amp","VOX AC30C2","0.90"
"FENDER 65 TWIN REVERB 85W 2x12 Tube Combo Amp","Fender 65 Twin Reverb","0.90"
"Marshall JVM210H 100-watt 2-channel Tube Head","Marshall JVM210H","0.90"
"Marshall JCM 2000 TSL 100 Triple Super Lead Röhren Amp 100W","Marshall JCM 2000","0.90"
"Marshall JCM 800 Reissue 2203","Marshall JCM 800","0.90"
"Marshall JVM210H(มาจากลาว)","Marshall JVM210H","1.00"
"Marshall 1960B 4x12","Marshall 1960B","0.90"
"คาบิเน็ต Ampeg Classic Series SVT-810E Bass Enclosure","Ampeg Classic Series SVT-810E Bass Enclosure","0.90"
"FENDER Bassman 810 Neo 500-Watt 8x10"" Bass Cabinet","Fender Bassman 810 Neo","0.90"
"FENDER Bassman 810 Neo 500-Watt 8x10"" Bass Cabinet(มาจากลาว)","Fender Bassman 810 Neo","0.90"
"SWR Sm-900 Bass","SWR SM-900 Bass","1.00"
"Ampeg SVT-CL Bass Head & 810E Cabinet","Ampeg Classic Series SVT-810E Bass Enclosure","0.88"
"Ampeg SVT - 450 CLASSIC","Ampeg SVT-450 CLASSIC","1.00"
"FENDER TB 12000","Fender TB 1200","0.93"
"Super-Sonic","Fender Super-Sonic Head","0.90"
"FENDER RUMBLE Bass man410 + หัวFEDER SUPER BASSMAN","Fender Rumble Bass man410","0.90"
"FENDER RUMBLE BASS 410","Fender Rumble Bass man410","0.88"
"GK GALLIEN 410RBH","Gallien Krueger 410RBH Cabinet","0.88"
"PEAVEY KB5 KEYBOARD AMPLIFIER","Peavey KB5 Keyboard Amplifier","1.00"
"Roland KC500","Roland KC550","0.92"
"Roland KC550","Roland KC550","1.00"
"ROLAND KC 550(มาจากลาว)","Roland KC550","0.92"
"Yamaha Montage M8x 88-key Synthesizer","YAMAHA  Montage M8X 88-key Synthesizer","1.00"
"Yamaha Montage6 Professional Synthesizer/Workstation with 61 Keys","YAMAHA  Montage6 Professional Synthesizer","0.90"
"YAMAHA MOTIF XF7 BLACK MUSIC SYNTHESIZER 76 Note","YAMAHA  Motif XF7","0.90"
"YAMAHA MOTIF XF8 MUSIC PRODUCTION SYNTHESIZER (88 Note)","YAMAHA  Motif XF8","0.90"
"YAMAHA MOTIF XS8 MUSIC SYNTHESIZER 88 Note","YAMAHA Motif XS8","0.90"
"Nord Stage 4 88 Keyboard w/Weighted Keys","Nord Stage 4 88 Keyboard","0.90"
"ROLAND RD2000 DIGITAL STAGE PIANO 88 Key","Roland RD2000","0.90"
"ROLAND RD700(เสีย)","Roland RD700","1.00"
"HAMMOND ORGAN XK-3C KEYBOARD+ST-XLK-3","Hammond XK-3C","0.90"
"HAMMOND (LESLIE) MES-1 MAIN/ECHO SWITCH FOR NEW B-3","Hammond Switch","0.90"
"KORG BX-3 COMBO ORGAN S/N:340782","KORG BX-3","0.90"
"Korg M50 73 Synthesizer Workstation","KORG M50","0.90"
"Korg TR 61Key Synth Music Workstion Triton","KORG M3 61Key Synth","0.88"
"KORG M3 61Key Synth Workstation","KORG M3 61Key Synth","0.90"
"Korg KROME","KORG KROME","1.00"
"Korg Kronos 3 88-Key Music Workstation","KORG KRONOS 3","0.90"
"JCM 2000","Marshall JCM 2000","0.90"
"KORG XVP-10","KORG XVP-10","1.00"
"BOSS FV-500H","Boss FV-500H","1.00"
"BOSS FV-50L","Boss FV-50L","1.00"
"Kong PS-1","KORG PS-1","0.89"
"YAMAHA FC4A (ตัาเก่า #01)","YAMAHA FC4A Pedal","0.90"
"YAMAHA FC4A","YAMAHA FC4A Pedal","0.90"
"T.E.M.AUTO-30","T.F.M Auto-30 (AC 220v to 110v. Auto Transformers 30 A.)","0.92"
"T.E.M.AUTO-10","T.F.M Auto-10 (AC 220v to 110v. Auto Transformers 10 A.)","0.92"
"75 SQM.","Powerlock 75 SQM. Red/Black/Blue/White/Green (Set 5 Cable) 80m.","0.90"
"Cisco Catalyst 1200 24-port GE Full PoE 4x10G SFP+ Switch","Cisco Catalyst 1200 24-port GE Full PoE 4x10G SFP+","0.91"
"ClSCO SG-300-20 20-Port Gigabit Smart Switch","ClSCO SG350-28 28-Port Gigabit Smart Switch","0.91"
"NETGEAR® M4250-9G1F-PoE+ 8x1G PoE+ 110W 1x1G and 1xSFP Managed Switch Network Switch","NETGEAR M4250-26G4F-POE+ 24x1GPoE+300w 2x1G and 4xsep MANAGED SWITCH","0.88"
"อายโบลต์ M10x1.5 01-10511","Steel Eye Blts M10x1.5 01-10511","0.88"
"WLL1T 3/8","Crosby Screw Pin Anchor Shackles,WLL1T 3/8","0.90"
"WLL4-3/4T 3/4","Crosby Screw Pin Anchor Shackles,WLL4-3/4T 3/4","0.90"
"WLL4.7T","Crosby Screw Pin Anchor Shackles,WLL4.7T","0.90"
"WLL3.2T","Crosby Screw Pin Anchor Shackles,WLL3.2T","0.90"
"WLL2T 1/2","Crosby Screw Pin Anchor Shackles,WLL2T 1/2","0.90"
"Grade, 1960 Nmm2 ยาว2 เมตร อัดปลอก+ใส่หัวใจ2 ข้าง","Ungalvanized Steel Wire Rope 6x36 Size 18 mm. IWRC&RHRL12.00 Set Grade, 1960 Nmm2 ยาว2 เมตร อัดปลอก+ใส่หัวใจ2 ข้าง ** รับนำหนัก4ตัน","0.90"
"Black Polyester Round Sling, For Lifting สเปนเซต 2m.","Black Polyester Round Sling, For Lifting 2M.","0.90"
"Round sling, get this. 2.00 push length 6.00 m. 12 M [12 M] circumference","Round sling, get this. 2.00 push length 6.00 m. 12 M [12 M] circumference ( BLACK)","1.00"
"ARES AIR/Red","หมวกนิรภัย AIR-Helmet0748-1 ARES AIR 54-62 cm.-Red","0.90"
"Klark Teknik DN200 Active DI Box","Klark Teknik DN200 Active","0.90"
"AVALON DESIGN / U5","Avalon Design U5","1.00"
"dbx 160S Two channel compressor / limiter","dbx 160S","0.90"
"Soland SDE-330","Roland SDE-330","0.93"
"KLARK TEKNIK DN360 GRAPHIC EQUALISER 2 channel, 30 band, 1/3 octave, 3U","Klark Teknik DN360","0.90"
"Bricasti M7","Bricasti Design M7 REVERB","0.90"
"tc electronic – D-TWO","TC Electronic D-Two","1.00"
"YAMAHA SPX990","Yamaha SPX990","1.00"
"YAMAHA SPX2000","Yamaha SPX2000","1.00"
"TC Electronic 2290","TC Electronic TC 2290","1.00"
"Yamaha REV5 Digital reverberator","Yamaha REV5","0.90"
"BSS DPR-504 Quad Gate","BSS DPR-504","0.90"
"Eventide - Eclipse V4","Eventide Eclipse V4","1.00"
"FATSO EL7x","Empirical Labs Fatso EL7X","0.90"
"Marani MIR480A ครอสโอเวอร์ดิจิตอล","Marani MIR480A","0.90"
"FOCUSRITE SCARLETT 2i2 2nd generation 2-in/2-out USB audio interface","Focusrite Scarlett 2i2 (2nd Gen)","0.90"
"Focusrite Scarlett 18i8 (3rd Gen) USB Audio Interface","Focusrite Scarlett 18i8 (3rd Gen)","0.90"
"SNDWAY SW-525A 30-130dB Digital Sound Level Meter with Large LCD Display Noise Meter","SNDWAY SW-525A 30-130dB Digital Sound Level Meter with Large LCD Display Noise Meter","1.00"
"iSEMcon SC-1 Acoustical Calibrator","iSEMcon SC-1","0.90"
"Isemcom EMX7150","iSEMcon EMX7150","0.93"
"เครื่องวัดเดชิเบล SL-4033SD","Lutron SL-4033SD","0.88"
"MX-2424","TASCAM MX-2424","0.90"
"HD24XR","Alesis HD24XR","0.88"
"Waves intros SoundGrid Extreme Server","Waves intros SoundGrid Extreme Server","1.00"
"รุ่น S/N M-BUMP 30001-30004","M-BUMP","0.90"
"M-BAR 30005-30006","M-BAR","0.90"
"MiMi-Frame 30007-30010","MiMi-Frame","0.90"
"VT4889-AF 30011-30016","VT4889-AF","0.90"
"Z5390 Y Flying frame","Z5390 Y Flying frame","1.00"
"DiGiCo QUANTUM 338 DIGITAL MIXING CONSOLE","DiGiCo QUANTUM 338","0.90"
"Yamaha CS-R5 Rivage PM5 ( ขายออกแล้ว)","Yamaha CS-R5 Rivage PM5","1.00"
"Yamaha DM3-D","Yamaha DM3","0.90"
"YAMAHA DM7Compact","YAMAHA DM7 Compact","0.94"
"Yamaha MG16","Yamaha MG16","1.00"
"ALLEN & HEATH GX4816 48x16 XLR In/Out Stage Box","Allen&Heath GX4816","0.90"
"Allen&Heath ZED12fX","Allen&Heath ZED-12FX","0.95"
"Soundcraft Spirit M12 Mixer","Soundcraft Spirit M12","0.90"
"MIDAS venice32","Midas Venice 320","0.88"
"MACKIE ProFX16v3 (#01)","Mackie ProFX16v3","1.00"
"SOUNDCRAFT SERIES FIVE 52CH. RAFT MIXING CONSOLE 48.MONO.4 STEREO","Soundcraft Series Five","0.90"
"SOUNDCRAFT SPIRIT MONITOR 2 40CH.","Soundcraft Spirit Monitor 2","0.90"
"CONSOLE POWER SUPPLY CPS 2000 SOUNDCRAFT SERIES FIVE","Soundcraft CPS 2000","0.90"
"Soundcraft Delete SR","Soundcraft Delta SR","0.90"
"ATI 8MX2 8-Channel Mic Preamp / Summing Mixer","ATi 8Mx2 Mic Preamp","0.90"
"Soundcraft SM12","Soundcraft SM12","1.00"
"PASSIVE SPLITTER 64CH","Passive Splitter 64CH","1.00"
"This card offers users 4 stereo AES output channels for the DiGiCo SD-Rack, Sd-MiNi Rack, SD-Nano Rack and 4REA4.","Digico SD-Rack","0.90"
"DMI-DANTE 64@96","DiGiCo DMI-DANTE 64@96","0.90"
"Yamaha Rio-D","YAMAHA Rio D2","0.92"
"Yamaha Rio-D2. (สหไทย) Yamaha ส่งให้26/03/69","YAMAHA Rio D2","0.90"
"Yamaha Rio 3224 D3","Yamaha Rio 3224 D3","1.00"
"YAMAHA DSP-RX //E","Yamaha DSP - RX //E","1.00"
"RY16-DA","Yamaha RY16-DA","0.90"
"RY16-ML-SILK","Yamaha RY16-ML-SILK","0.90"
"HY144-D-SRC","Yamaha HY144-D-SRC","0.90"
"HY256-TL","Yamaha HY256-TL","0.90"
"MY8-AE96S","Yamaha MY8-AE96S","0.90"
"Waves WSG-PY64","Yamaha Waves WSG-PY64","0.90"
"Dell 24"" จอมอนิเตอร์ DELL P2424HT (IPS 60Hz Touch-Screen USB-C)","Dell 24"" Display Monitor DELL P2424HT (IPS 60Hz Touch-Screen USB-C)","0.88"
"Crown I-Tech 12000HD Two-channel, 4500W @ 4Ω Power Amplifier","Crown I-Tech 12000HD","0.90"
"L-Acoustics LA8 4-Channel 1800 Watt Audio Amplifier","L-Acoustics LA8","0.90"
"Lab Gruppen PLM+SERIES. PLM 12K44","Lab Gruppen PLM 12K44","0.90"
"lab gruppen PLM 10000Q","LAB Gruppen PLM 10000Q (2)","1.00"
"Crown-Macro-Tech1200 2-Channel Power Amplifier","Crown-Macro-Tech1200","0.90"
"Crown MA5002VZ Macrotech Power Amp 1300W","Crown MA5002VZ","0.90"
"Crown Macro-Tech5000i Two-channel, 2500W @ 4Ω Power Amplifier","Crown Macro-Tech5000i","0.90"
"AMCRON DC-300A Series ll","AMCRON DC-300A Series ll","1.00"
"SVT CLASSIC","Ampeg Classic Series SVT-810E Bass Enclosure","0.90"
"Marshall 1960B","Marshall 1960B","1.00"
"Bass man410 + หัว","Fender Rumble Bass man410","0.88"
"Tone-Master","Fender Tone-Master Head","0.90"
"ACOUSTIC SFX II","Fender Acoustic SFX II","0.90"
"GK GALLIEN 410RBH 115RBH","Gallien Krueger 115RBH","0.88"
"KC 600","Roland KC 600","0.90"
"KC550","Roland KC550","0.88"
"Shure SM58 (ใหม่)","Shure SM58","1.00"
"Shure SM58 (เก่า)","Shure SM58","1.00"
"Shure SM58 switch","Shure SM58","0.90"
"Shure Beta87","Shure Beta87","1.00"
"Shure SM57","Shure SM57","1.00"